{"total_time":1.387975,"query_time":0.13438799999999929}