{"total_time":0.209769,"query_time":0.007803000000000143}