{"total_time":1.335392,"query_time":0.13022100000000103}